/gemeente/beek
/gemeente/beekdaelen
/gemeente/beesel
/gemeente/bergen-li
/gemeente/brunssum
/gemeente/echt-susteren
/gemeente/eijsden-margraten
/gemeente/gennep
/gemeente/gulpen-wittem
/gemeente/heerlen
/gemeente/horst-aan-de-maas
/gemeente/kerkrade
/gemeente/landgraaf
/gemeente/leudal
/gemeente/maasgouw
/gemeente/maastricht
/gemeente/meerssen
/gemeente/mook-en-middelaar
/gemeente/nederweert
/gemeente/peel-en-maas
/gemeente/roerdalen
/gemeente/roermond
/gemeente/simpelveld
/gemeente/sittard-geleen
/gemeente/stein
/gemeente/vaals
/gemeente/valkenburg-aan-de-geul
/gemeente/venlo
/gemeente/venray
/gemeente/voerendaal
/gemeente/weert
