{
  "country": {
    "name": "Canada",
    "code": "CAN",
    "iso2": "CA",
    "iso3": "CAN",
    "continent": "North America",
    "language": "en",
    "secondary_language": "fr",
    "currency": "CAD",
    "coordinate_bounds": {
      "north": 83.11,
      "south": 41.68,
      "east": -52.62,
      "west": -141.00
    }
  },
  "administrative_divisions": {
    "primary": "province",
    "secondary": "census_division",
    "tertiary": "city",
    "types": ["province", "territory"]
  },
  "search_terms": {
    "treatment_center": ["rehab", "rehabilitation centre", "treatment center", "recovery centre", "detox centre"],
    "addiction": ["drug rehab", "alcohol rehab", "addiction treatment", "substance abuse treatment"],
    "special": ["inpatient rehab", "outpatient treatment", "sober living", "dual diagnosis treatment", "mental health treatment"]
  },
  "url_patterns": {
    "province": "/province/{province-slug}",
    "city": "/city/{city-slug}-{province-abbr}",
    "facility": "/facility/{facility-slug}"
  },
  "provinces": [
    {
      "name": "Alberta",
      "abbr": "AB",
      "slug": "alberta",
      "type": "province",
      "capital": "Edmonton",
      "priority": 1,
      "major_cities": ["Calgary", "Edmonton", "Red Deer", "Lethbridge", "St. Albert", "Medicine Hat", "Grande Prairie", "Airdrie", "Spruce Grove", "Leduc", "Fort McMurray", "Lloydminster", "Camrose", "Brooks", "Cold Lake"]
    },
    {
      "name": "British Columbia",
      "abbr": "BC",
      "slug": "british-columbia",
      "type": "province",
      "capital": "Victoria",
      "priority": 1,
      "major_cities": ["Vancouver", "Victoria", "Surrey", "Burnaby", "Richmond", "Coquitlam", "Kelowna", "Saanich", "Langley", "Delta", "Kamloops", "Nanaimo", "Abbotsford", "Prince George", "Chilliwack", "New Westminster", "Vernon", "Maple Ridge", "Penticton", "Courtenay"]
    },
    {
      "name": "Manitoba",
      "abbr": "MB",
      "slug": "manitoba",
      "type": "province",
      "capital": "Winnipeg",
      "priority": 2,
      "major_cities": ["Winnipeg", "Brandon", "Steinbach", "Thompson", "Portage la Prairie", "Selkirk", "Winkler", "Morden", "Dauphin", "The Pas"]
    },
    {
      "name": "New Brunswick",
      "abbr": "NB",
      "slug": "new-brunswick",
      "type": "province",
      "capital": "Fredericton",
      "priority": 2,
      "major_cities": ["Saint John", "Moncton", "Fredericton", "Dieppe", "Riverview", "Miramichi", "Edmundston", "Bathurst", "Oromocto", "Campbellton"]
    },
    {
      "name": "Newfoundland and Labrador",
      "abbr": "NL",
      "slug": "newfoundland-and-labrador",
      "type": "province",
      "capital": "St. John's",
      "priority": 3,
      "major_cities": ["St. John's", "Mount Pearl", "Corner Brook", "Conception Bay South", "Paradise", "Grand Falls-Windsor", "Gander", "Happy Valley-Goose Bay", "Labrador City", "Stephenville"]
    },
    {
      "name": "Northwest Territories",
      "abbr": "NT",
      "slug": "northwest-territories",
      "type": "territory",
      "capital": "Yellowknife",
      "priority": 3,
      "major_cities": ["Yellowknife", "Hay River", "Inuvik", "Fort Smith", "Behchoko"]
    },
    {
      "name": "Nova Scotia",
      "abbr": "NS",
      "slug": "nova-scotia",
      "type": "province",
      "capital": "Halifax",
      "priority": 2,
      "major_cities": ["Halifax", "Dartmouth", "Sydney", "Truro", "New Glasgow", "Glace Bay", "Kentville", "Amherst", "Bridgewater", "Yarmouth"]
    },
    {
      "name": "Nunavut",
      "abbr": "NU",
      "slug": "nunavut",
      "type": "territory",
      "capital": "Iqaluit",
      "priority": 3,
      "major_cities": ["Iqaluit", "Rankin Inlet", "Arviat", "Baker Lake", "Cambridge Bay"]
    },
    {
      "name": "Ontario",
      "abbr": "ON",
      "slug": "ontario",
      "type": "province",
      "capital": "Toronto",
      "priority": 1,
      "major_cities": ["Toronto", "Ottawa", "Mississauga", "Brampton", "Hamilton", "London", "Markham", "Vaughan", "Kitchener", "Windsor", "Richmond Hill", "Oakville", "Burlington", "Sudbury", "Oshawa", "Barrie", "St. Catharines", "Cambridge", "Kingston", "Guelph", "Thunder Bay", "Waterloo", "Brantford", "Pickering", "Niagara Falls", "Peterborough", "Sault Ste. Marie", "North Bay", "Sarnia", "Belleville"]
    },
    {
      "name": "Prince Edward Island",
      "abbr": "PE",
      "slug": "prince-edward-island",
      "type": "province",
      "capital": "Charlottetown",
      "priority": 3,
      "major_cities": ["Charlottetown", "Summerside", "Stratford", "Cornwall", "Montague"]
    },
    {
      "name": "Quebec",
      "abbr": "QC",
      "slug": "quebec",
      "type": "province",
      "capital": "Quebec City",
      "priority": 1,
      "major_cities": ["Montreal", "Quebec City", "Laval", "Gatineau", "Longueuil", "Sherbrooke", "Saguenay", "Levis", "Trois-Rivieres", "Terrebonne", "Saint-Jean-sur-Richelieu", "Repentigny", "Brossard", "Drummondville", "Saint-Jerome", "Granby", "Blainville", "Saint-Hyacinthe", "Shawinigan", "Dollard-des-Ormeaux"]
    },
    {
      "name": "Saskatchewan",
      "abbr": "SK",
      "slug": "saskatchewan",
      "type": "province",
      "capital": "Regina",
      "priority": 2,
      "major_cities": ["Saskatoon", "Regina", "Prince Albert", "Moose Jaw", "Swift Current", "Yorkton", "North Battleford", "Estevan", "Weyburn", "Lloydminster"]
    },
    {
      "name": "Yukon",
      "abbr": "YT",
      "slug": "yukon",
      "type": "territory",
      "capital": "Whitehorse",
      "priority": 3,
      "major_cities": ["Whitehorse", "Dawson City", "Watson Lake", "Haines Junction", "Carmacks"]
    }
  ]
}
