{
  "country": {
    "name": "United States",
    "code": "USA",
    "iso2": "US",
    "iso3": "USA",
    "continent": "North America",
    "language": "en",
    "currency": "USD",
    "coordinate_bounds": {
      "north": 49.38,
      "south": 24.52,
      "east": -66.95,
      "west": -124.77
    }
  },
  "administrative_divisions": {
    "primary": "state",
    "secondary": "county",
    "tertiary": "city",
    "special_cases": {
      "Louisiana": "parish",
      "Alaska": "borough"
    }
  },
  "search_terms": {
    "treatment_center": ["rehab", "rehabilitation center", "treatment center", "recovery center", "detox center"],
    "addiction": ["drug rehab", "alcohol rehab", "addiction treatment", "substance abuse treatment"],
    "special": ["inpatient rehab", "outpatient treatment", "sober living", "dual diagnosis treatment", "mental health treatment"]
  },
  "url_patterns": {
    "state": "/state/{state-slug}",
    "county": "/state/{state-slug}/{county-slug}",
    "city": "/city/{city-slug}-{state-abbr}",
    "facility": "/facility/{facility-slug}"
  },
  "states": [
    {
      "name": "Alabama",
      "abbr": "AL",
      "slug": "alabama",
      "capital": "Montgomery",
      "counties": 67,
      "priority": 1,
      "major_cities": ["Birmingham", "Montgomery", "Huntsville", "Mobile", "Tuscaloosa", "Hoover", "Dothan", "Auburn", "Decatur", "Madison"]
    },
    {
      "name": "Alaska",
      "abbr": "AK",
      "slug": "alaska",
      "capital": "Juneau",
      "counties": 30,
      "priority": 3,
      "major_cities": ["Anchorage", "Fairbanks", "Juneau", "Sitka", "Ketchikan", "Wasilla", "Kenai", "Kodiak", "Bethel", "Palmer"]
    },
    {
      "name": "Arizona",
      "abbr": "AZ",
      "slug": "arizona",
      "capital": "Phoenix",
      "counties": 15,
      "priority": 1,
      "major_cities": ["Phoenix", "Tucson", "Mesa", "Chandler", "Scottsdale", "Glendale", "Tempe", "Gilbert", "Peoria", "Surprise", "Yuma", "Flagstaff"]
    },
    {
      "name": "Arkansas",
      "abbr": "AR",
      "slug": "arkansas",
      "capital": "Little Rock",
      "counties": 75,
      "priority": 2,
      "major_cities": ["Little Rock", "Fort Smith", "Fayetteville", "Springdale", "Jonesboro", "Rogers", "Conway", "North Little Rock", "Bentonville", "Pine Bluff"]
    },
    {
      "name": "California",
      "abbr": "CA",
      "slug": "california",
      "capital": "Sacramento",
      "counties": 58,
      "priority": 1,
      "major_cities": ["Los Angeles", "San Diego", "San Jose", "San Francisco", "Fresno", "Sacramento", "Long Beach", "Oakland", "Bakersfield", "Anaheim", "Santa Ana", "Riverside", "Stockton", "Irvine", "Chula Vista", "Fremont", "San Bernardino", "Modesto", "Fontana", "Moreno Valley"]
    },
    {
      "name": "Colorado",
      "abbr": "CO",
      "slug": "colorado",
      "capital": "Denver",
      "counties": 64,
      "priority": 1,
      "major_cities": ["Denver", "Colorado Springs", "Aurora", "Fort Collins", "Lakewood", "Boulder", "Thornton", "Arvada", "Westminster", "Pueblo", "Greeley", "Centennial"]
    },
    {
      "name": "Connecticut",
      "abbr": "CT",
      "slug": "connecticut",
      "capital": "Hartford",
      "counties": 8,
      "priority": 2,
      "major_cities": ["Bridgeport", "New Haven", "Hartford", "Stamford", "Waterbury", "Norwalk", "Danbury", "New Britain", "Bristol", "Meriden"]
    },
    {
      "name": "Delaware",
      "abbr": "DE",
      "slug": "delaware",
      "capital": "Dover",
      "counties": 3,
      "priority": 3,
      "major_cities": ["Wilmington", "Dover", "Newark", "Middletown", "Smyrna", "Milford", "Seaford", "Georgetown"]
    },
    {
      "name": "Florida",
      "abbr": "FL",
      "slug": "florida",
      "capital": "Tallahassee",
      "counties": 67,
      "priority": 1,
      "major_cities": ["Jacksonville", "Miami", "Tampa", "Orlando", "St. Petersburg", "Hialeah", "Tallahassee", "Fort Lauderdale", "Port St. Lucie", "Cape Coral", "Pembroke Pines", "Hollywood", "Gainesville", "Clearwater", "Palm Bay", "West Palm Beach"]
    },
    {
      "name": "Georgia",
      "abbr": "GA",
      "slug": "georgia",
      "capital": "Atlanta",
      "counties": 159,
      "priority": 1,
      "major_cities": ["Atlanta", "Augusta", "Columbus", "Macon", "Savannah", "Athens", "Sandy Springs", "Roswell", "Johns Creek", "Albany", "Warner Robins", "Marietta"]
    },
    {
      "name": "Hawaii",
      "abbr": "HI",
      "slug": "hawaii",
      "capital": "Honolulu",
      "counties": 5,
      "priority": 3,
      "major_cities": ["Honolulu", "Pearl City", "Hilo", "Kailua", "Waipahu", "Kaneohe", "Mililani Town", "Kahului", "Ewa Gentry", "Kihei"]
    },
    {
      "name": "Idaho",
      "abbr": "ID",
      "slug": "idaho",
      "capital": "Boise",
      "counties": 44,
      "priority": 2,
      "major_cities": ["Boise", "Meridian", "Nampa", "Idaho Falls", "Pocatello", "Caldwell", "Coeur d'Alene", "Twin Falls", "Lewiston", "Post Falls"]
    },
    {
      "name": "Illinois",
      "abbr": "IL",
      "slug": "illinois",
      "capital": "Springfield",
      "counties": 102,
      "priority": 1,
      "major_cities": ["Chicago", "Aurora", "Naperville", "Joliet", "Rockford", "Springfield", "Elgin", "Peoria", "Champaign", "Waukegan", "Cicero", "Bloomington", "Decatur", "Evanston"]
    },
    {
      "name": "Indiana",
      "abbr": "IN",
      "slug": "indiana",
      "capital": "Indianapolis",
      "counties": 92,
      "priority": 1,
      "major_cities": ["Indianapolis", "Fort Wayne", "Evansville", "South Bend", "Carmel", "Bloomington", "Fishers", "Hammond", "Gary", "Lafayette", "Muncie", "Terre Haute"]
    },
    {
      "name": "Iowa",
      "abbr": "IA",
      "slug": "iowa",
      "capital": "Des Moines",
      "counties": 99,
      "priority": 2,
      "major_cities": ["Des Moines", "Cedar Rapids", "Davenport", "Sioux City", "Iowa City", "Waterloo", "Ames", "West Des Moines", "Council Bluffs", "Ankeny", "Dubuque"]
    },
    {
      "name": "Kansas",
      "abbr": "KS",
      "slug": "kansas",
      "capital": "Topeka",
      "counties": 105,
      "priority": 2,
      "major_cities": ["Wichita", "Overland Park", "Kansas City", "Olathe", "Topeka", "Lawrence", "Shawnee", "Manhattan", "Lenexa", "Salina", "Hutchinson"]
    },
    {
      "name": "Kentucky",
      "abbr": "KY",
      "slug": "kentucky",
      "capital": "Frankfort",
      "counties": 120,
      "priority": 2,
      "major_cities": ["Louisville", "Lexington", "Bowling Green", "Owensboro", "Covington", "Richmond", "Georgetown", "Florence", "Hopkinsville", "Nicholasville"]
    },
    {
      "name": "Louisiana",
      "abbr": "LA",
      "slug": "louisiana",
      "capital": "Baton Rouge",
      "parishes": 64,
      "priority": 1,
      "major_cities": ["New Orleans", "Baton Rouge", "Shreveport", "Lafayette", "Lake Charles", "Kenner", "Bossier City", "Monroe", "Alexandria", "Houma"]
    },
    {
      "name": "Maine",
      "abbr": "ME",
      "slug": "maine",
      "capital": "Augusta",
      "counties": 16,
      "priority": 3,
      "major_cities": ["Portland", "Lewiston", "Bangor", "South Portland", "Auburn", "Biddeford", "Sanford", "Brunswick", "Augusta", "Saco"]
    },
    {
      "name": "Maryland",
      "abbr": "MD",
      "slug": "maryland",
      "capital": "Annapolis",
      "counties": 24,
      "priority": 1,
      "major_cities": ["Baltimore", "Frederick", "Rockville", "Gaithersburg", "Bowie", "Hagerstown", "Annapolis", "College Park", "Salisbury", "Laurel"]
    },
    {
      "name": "Massachusetts",
      "abbr": "MA",
      "slug": "massachusetts",
      "capital": "Boston",
      "counties": 14,
      "priority": 1,
      "major_cities": ["Boston", "Worcester", "Springfield", "Cambridge", "Lowell", "Brockton", "New Bedford", "Quincy", "Lynn", "Fall River", "Newton", "Lawrence"]
    },
    {
      "name": "Michigan",
      "abbr": "MI",
      "slug": "michigan",
      "capital": "Lansing",
      "counties": 83,
      "priority": 1,
      "major_cities": ["Detroit", "Grand Rapids", "Warren", "Sterling Heights", "Lansing", "Ann Arbor", "Flint", "Dearborn", "Livonia", "Troy", "Westland", "Farmington Hills"]
    },
    {
      "name": "Minnesota",
      "abbr": "MN",
      "slug": "minnesota",
      "capital": "Saint Paul",
      "counties": 87,
      "priority": 1,
      "major_cities": ["Minneapolis", "Saint Paul", "Rochester", "Duluth", "Bloomington", "Brooklyn Park", "Plymouth", "St. Cloud", "Eagan", "Woodbury"]
    },
    {
      "name": "Mississippi",
      "abbr": "MS",
      "slug": "mississippi",
      "capital": "Jackson",
      "counties": 82,
      "priority": 2,
      "major_cities": ["Jackson", "Gulfport", "Southaven", "Hattiesburg", "Biloxi", "Meridian", "Tupelo", "Olive Branch", "Greenville", "Horn Lake"]
    },
    {
      "name": "Missouri",
      "abbr": "MO",
      "slug": "missouri",
      "capital": "Jefferson City",
      "counties": 115,
      "priority": 1,
      "major_cities": ["Kansas City", "St. Louis", "Springfield", "Columbia", "Independence", "Lee's Summit", "O'Fallon", "St. Joseph", "St. Charles", "St. Peters", "Blue Springs"]
    },
    {
      "name": "Montana",
      "abbr": "MT",
      "slug": "montana",
      "capital": "Helena",
      "counties": 56,
      "priority": 3,
      "major_cities": ["Billings", "Missoula", "Great Falls", "Bozeman", "Helena", "Butte", "Kalispell", "Havre", "Anaconda", "Miles City"]
    },
    {
      "name": "Nebraska",
      "abbr": "NE",
      "slug": "nebraska",
      "capital": "Lincoln",
      "counties": 93,
      "priority": 2,
      "major_cities": ["Omaha", "Lincoln", "Bellevue", "Grand Island", "Kearney", "Fremont", "Hastings", "Norfolk", "North Platte", "Papillion"]
    },
    {
      "name": "Nevada",
      "abbr": "NV",
      "slug": "nevada",
      "capital": "Carson City",
      "counties": 17,
      "priority": 2,
      "major_cities": ["Las Vegas", "Henderson", "Reno", "North Las Vegas", "Sparks", "Carson City", "Elko", "Mesquite", "Boulder City", "Fernley"]
    },
    {
      "name": "New Hampshire",
      "abbr": "NH",
      "slug": "new-hampshire",
      "capital": "Concord",
      "counties": 10,
      "priority": 3,
      "major_cities": ["Manchester", "Nashua", "Concord", "Derry", "Dover", "Rochester", "Salem", "Merrimack", "Hudson", "Londonderry"]
    },
    {
      "name": "New Jersey",
      "abbr": "NJ",
      "slug": "new-jersey",
      "capital": "Trenton",
      "counties": 21,
      "priority": 1,
      "major_cities": ["Newark", "Jersey City", "Paterson", "Elizabeth", "Edison", "Trenton", "Woodbridge", "Lakewood", "Toms River", "Hamilton", "Clifton", "Camden"]
    },
    {
      "name": "New Mexico",
      "abbr": "NM",
      "slug": "new-mexico",
      "capital": "Santa Fe",
      "counties": 33,
      "priority": 2,
      "major_cities": ["Albuquerque", "Las Cruces", "Rio Rancho", "Santa Fe", "Roswell", "Farmington", "Clovis", "Hobbs", "Alamogordo", "Carlsbad"]
    },
    {
      "name": "New York",
      "abbr": "NY",
      "slug": "new-york",
      "capital": "Albany",
      "counties": 62,
      "priority": 1,
      "major_cities": ["New York City", "Buffalo", "Rochester", "Yonkers", "Syracuse", "Albany", "New Rochelle", "Mount Vernon", "Schenectady", "Utica", "White Plains", "Hempstead", "Troy", "Niagara Falls"]
    },
    {
      "name": "North Carolina",
      "abbr": "NC",
      "slug": "north-carolina",
      "capital": "Raleigh",
      "counties": 100,
      "priority": 1,
      "major_cities": ["Charlotte", "Raleigh", "Greensboro", "Durham", "Winston-Salem", "Fayetteville", "Cary", "Wilmington", "High Point", "Concord", "Greenville", "Asheville"]
    },
    {
      "name": "North Dakota",
      "abbr": "ND",
      "slug": "north-dakota",
      "capital": "Bismarck",
      "counties": 53,
      "priority": 3,
      "major_cities": ["Fargo", "Bismarck", "Grand Forks", "Minot", "West Fargo", "Williston", "Dickinson", "Mandan", "Jamestown", "Wahpeton"]
    },
    {
      "name": "Ohio",
      "abbr": "OH",
      "slug": "ohio",
      "capital": "Columbus",
      "counties": 88,
      "priority": 1,
      "major_cities": ["Columbus", "Cleveland", "Cincinnati", "Toledo", "Akron", "Dayton", "Parma", "Canton", "Youngstown", "Lorain", "Hamilton", "Springfield"]
    },
    {
      "name": "Oklahoma",
      "abbr": "OK",
      "slug": "oklahoma",
      "capital": "Oklahoma City",
      "counties": 77,
      "priority": 2,
      "major_cities": ["Oklahoma City", "Tulsa", "Norman", "Broken Arrow", "Edmond", "Lawton", "Moore", "Midwest City", "Enid", "Stillwater"]
    },
    {
      "name": "Oregon",
      "abbr": "OR",
      "slug": "oregon",
      "capital": "Salem",
      "counties": 36,
      "priority": 2,
      "major_cities": ["Portland", "Salem", "Eugene", "Gresham", "Hillsboro", "Bend", "Beaverton", "Medford", "Springfield", "Corvallis"]
    },
    {
      "name": "Pennsylvania",
      "abbr": "PA",
      "slug": "pennsylvania",
      "capital": "Harrisburg",
      "counties": 67,
      "priority": 1,
      "major_cities": ["Philadelphia", "Pittsburgh", "Allentown", "Reading", "Erie", "Harrisburg", "Lancaster", "Scranton", "Bethlehem", "Wilkes-Barre", "York", "Chester"]
    },
    {
      "name": "Rhode Island",
      "abbr": "RI",
      "slug": "rhode-island",
      "capital": "Providence",
      "counties": 5,
      "priority": 3,
      "major_cities": ["Providence", "Warwick", "Cranston", "Pawtucket", "East Providence", "Woonsocket", "Newport", "Central Falls", "Westerly", "North Providence"]
    },
    {
      "name": "South Carolina",
      "abbr": "SC",
      "slug": "south-carolina",
      "capital": "Columbia",
      "counties": 46,
      "priority": 2,
      "major_cities": ["Charleston", "Columbia", "North Charleston", "Mount Pleasant", "Rock Hill", "Greenville", "Summerville", "Goose Creek", "Hilton Head Island", "Spartanburg"]
    },
    {
      "name": "South Dakota",
      "abbr": "SD",
      "slug": "south-dakota",
      "capital": "Pierre",
      "counties": 66,
      "priority": 3,
      "major_cities": ["Sioux Falls", "Rapid City", "Aberdeen", "Brookings", "Watertown", "Mitchell", "Yankton", "Pierre", "Huron", "Vermillion"]
    },
    {
      "name": "Tennessee",
      "abbr": "TN",
      "slug": "tennessee",
      "capital": "Nashville",
      "counties": 95,
      "priority": 1,
      "major_cities": ["Nashville", "Memphis", "Knoxville", "Chattanooga", "Clarksville", "Murfreesboro", "Franklin", "Jackson", "Johnson City", "Bartlett"]
    },
    {
      "name": "Texas",
      "abbr": "TX",
      "slug": "texas",
      "capital": "Austin",
      "counties": 254,
      "priority": 1,
      "major_cities": ["Houston", "San Antonio", "Dallas", "Austin", "Fort Worth", "El Paso", "Arlington", "Corpus Christi", "Plano", "Lubbock", "Laredo", "Irving", "Garland", "Frisco", "Amarillo", "Grand Prairie", "McKinney", "Brownsville", "Killeen", "Pasadena"]
    },
    {
      "name": "Utah",
      "abbr": "UT",
      "slug": "utah",
      "capital": "Salt Lake City",
      "counties": 29,
      "priority": 2,
      "major_cities": ["Salt Lake City", "West Valley City", "Provo", "West Jordan", "Orem", "Sandy", "Ogden", "St. George", "Layton", "South Jordan"]
    },
    {
      "name": "Vermont",
      "abbr": "VT",
      "slug": "vermont",
      "capital": "Montpelier",
      "counties": 14,
      "priority": 3,
      "major_cities": ["Burlington", "South Burlington", "Rutland", "Essex", "Bennington", "Montpelier", "Barre", "Winooski", "St. Albans", "Newport"]
    },
    {
      "name": "Virginia",
      "abbr": "VA",
      "slug": "virginia",
      "capital": "Richmond",
      "counties": 133,
      "priority": 1,
      "major_cities": ["Virginia Beach", "Norfolk", "Chesapeake", "Richmond", "Newport News", "Alexandria", "Hampton", "Roanoke", "Portsmouth", "Suffolk", "Lynchburg", "Harrisonburg"]
    },
    {
      "name": "Washington",
      "abbr": "WA",
      "slug": "washington",
      "capital": "Olympia",
      "counties": 39,
      "priority": 1,
      "major_cities": ["Seattle", "Spokane", "Tacoma", "Vancouver", "Bellevue", "Kent", "Everett", "Renton", "Spokane Valley", "Federal Way", "Yakima", "Bellingham"]
    },
    {
      "name": "West Virginia",
      "abbr": "WV",
      "slug": "west-virginia",
      "capital": "Charleston",
      "counties": 55,
      "priority": 3,
      "major_cities": ["Charleston", "Huntington", "Morgantown", "Parkersburg", "Wheeling", "Weirton", "Martinsburg", "Fairmont", "Beckley", "Clarksburg"]
    },
    {
      "name": "Wisconsin",
      "abbr": "WI",
      "slug": "wisconsin",
      "capital": "Madison",
      "counties": 72,
      "priority": 1,
      "major_cities": ["Milwaukee", "Madison", "Green Bay", "Kenosha", "Racine", "Appleton", "Waukesha", "Oshkosh", "Eau Claire", "Janesville", "West Allis", "La Crosse"]
    },
    {
      "name": "Wyoming",
      "abbr": "WY",
      "slug": "wyoming",
      "capital": "Cheyenne",
      "counties": 23,
      "priority": 3,
      "major_cities": ["Cheyenne", "Casper", "Laramie", "Gillette", "Rock Springs", "Sheridan", "Green River", "Evanston", "Riverton", "Cody"]
    },
    {
      "name": "District of Columbia",
      "abbr": "DC",
      "slug": "washington-dc",
      "capital": "Washington",
      "counties": 1,
      "priority": 1,
      "major_cities": ["Washington"]
    }
  ]
}
